willy.boureau,BOUREAU,Willy,1
beatrice.barthollet,BARTHOLLET,Béatrice,0
marie-helene.blanchon,BLANCHON,Marie-Hélène,0
jean-francois.chalbos,CHALBOS,Jean-françois,0
nathalie.dauphin,DAUPHIN,Nathalie,0
francois.gonin,GONIN,François,0
christian.granger,GRANGER,Christian,0
laurent.gressot,GRESSOT,Laurent,0
julien.perol,PEROL,Julien,0
vincent.vairelles,VAIRELLES,Vincent,0
medoc-bertin.consultant,BERTIN,MEDOC (consultant),0
medoc-meneuvrier.consultant,MENEUVRIER,MEDOC (consultant),0
medoc-guichard.consultant,GUICHARD,MEDOC (consultant),0
medoc-guittonneau.consultant,GUITTONNEAU,MEDOC (consultant),0
medoc-voyez.consultant,VOYEZ,MEDOC (consultant),0
medoc-bouttier.consultant,BOUTTIER,MEDOC (consultant),0
medoc-lebras.consultant,LEBRAS,MEDOC (consultant),0
medoc-perennec.consultant,PERENNEC,MEDOC (consultant),0
medoc-picard.consultant,PICARD,MEDOC (consultant),0
medoc-samios.consultant,SAMIOS,MEDOC (consultant),0
laurence.ogereau.consultant,OGEREAU,Laurence,0
christophe.bruno.consultant,BRUNO,Christophe,0
dominique.lherieau.consultant,LHERIEAU,Dominique,0