155,aieta,Aieta,\N,FALSE,0
195,yvan.angeneau,ANGENEAU,Yvan ,TRUE,1
9,claudine-m.arnaud,ARNAUD,Claudine ,TRUE,0
132,jean-claude.aylies,AYLIES,Jean-Claude,TRUE,0
51,francois.bagonneau,BAGONNEAU,François,TRUE,0
133,violette.baran,BARAN,Violette,TRUE,0
39,yasser.barghout,BARGHOUT,Yasser,TRUE,0
80,philippe.baudonnat,BAUDONNAT,Philippe,TRUE,0
28,romuald.beauroy-eustache,BEAUROY-EUSTACHE,Romuald,TRUE,0
94,charlette.beguinot,BEGUINOT,Charlette,TRUE,0
156,laurent.bellanger,BELLANGER,Laurent,TRUE,0
32,nordine.benderradji,BENDERRADJI,Nordine,TRUE,0
37,hugues.bernard,BERNARD,Hugues,TRUE,0
150,nadine.berthellemy,BERTHELLEMY,Nadine,TRUE,0
167,mehdi.bettayeb,BETTAYEB,MEHDI,TRUE,0
157,sophie.bigeon,BIGEON,Sophie,TRUE,0
101,arlette.bocahu,BOCAHU,Arlette,TRUE,0
41,michel.boisson,BOISSON,Michel,TRUE,0
166,marie-laure.bonnet-thieffine,BONNET-THIEFFINE,Marie-Laure,TRUE,0
134,philippe.boscher,BOSCHER,Philippe,TRUE,0
174,christian.boudet,BOUDET,Christian,TRUE,0
196,pascale.boudigou-deligne,BOUDIGOU-DELIGNE,Pascale,TRUE,0
103,nathalie.bourdin,BOURDIN,Nathalie,TRUE,0
36,patrice.bourmaud,BOURMAUD,Patrice,TRUE,0
61,catherine.boutary,BOUTARY,Catherine,TRUE,0
60,christian.boutary,BOUTARY,Christian,TRUE,0
190,daphne.bouzid,BOUZID,Daphné,TRUE,0
197,brigitte.brochard,BROCHARD,Brigitte,TRUE,0
102,anne.cabouillet,CABOUILLET,Anne ,TRUE,0
187,florence.cahuzac,CAHUZAC,Florence,TRUE,0
149,sophie.calmels,CALMELS,Sophie,TRUE,0
121,charles.casagrandi,CASAGRANDI,Charles,TRUE,0
8,montfort,Catherine MONTFORT,\N,FALSE,0
175,sylvie.chabert,CHABERT,Sylvie,TRUE,0
118,charles,CHARLES,\N,FALSE,0
79,patricia.chassaing,CHASSAING,Patricia,TRUE,0
53,hugo.chevrel,CHEVREL,Nicole,FALSE,0
180,capdeville,Christine CAPDEVILLE,\N,FALSE,0
93,csebaoun,Christophe SEBAOUN,\N,FALSE,0
188,frederic.ciron,CIRON,Frédéric ,TRUE,0
151,jerome.civet,CIVET,Jérôme,TRUE,0
4,jerome.civet,CIVET CQMF,Jérôme,FALSE,0
95,beatrice.claisse,CLAISSE,Béatrice,TRUE,0
18,helene.coche,COCHE,Hélène ,TRUE,0
13,victor.conte,CONTE,Victor,TRUE,0
110,marc.costiou,COSTIOU,Marc,TRUE,0
3,christophe.couallier,COUALLIER,Christophe CQMF,FALSE,0
152,christophe.couallier,COUALLIER,Christophe,FALSE,0
19,matthias.coustel,COUSTEL,Matthias ,TRUE,0
6,cqmfap,CQMF Alain Panon,\N,FALSE,0
23,alain.desoublieu,DESOUBLIEU,Alain,TRUE,0
86,corinne.diaz,DIAZ,Corinne ,TRUE,0
72,bernard.diet,DIET,Bernard,TRUE,0
131,si2admied,DMIED/PPE - Equipe pilotage de l'éditique,\N,FALSE,0
158,sophie.donato,DONATO,Sophie,TRUE,0
62,didier.dorval,DORVAL,Didier,TRUE,0
199,marie-claire.douchez,DOUCHEZ,Marie-Claire ,TRUE,0
116,arlette.dupas,DUPAS,Arlette,TRUE,0
21,francois.durand,DURAND,François,TRUE,0
12,martine.edon,EDON,Martine,TRUE,0
123,miriam.ellena,ELLENA,Miriam,TRUE,0
97,lecomte,Eric LECOMTE,\N,FALSE,0
193,joelle.fauvet,FAUVET,Joelle,TRUE,0
66,david.ferrer,FERRER,David,TRUE,0
99,alain.florentin,FLORENTIN,Alain,TRUE,0
30,alain.fontaine,FONTAINE,Alain ,TRUE,0
181,jacques.fontana,FONTANA,Jacques,TRUE,0
87,francine,Francine PREVOST,\N,FALSE,0
170,christophe.gaie,GAIE,Christophe,TRUE,0
29,claude.gatti,GATTI,Claude,TRUE,0
173,bernard.gau,GAU,Bernard,TRUE,0
38,jacques.gauthier,GAUTHIER,Jacques,TRUE,0
165,geay_n,GEAY Nathalie,\N,FALSE,0
135,pascal.gendre,GENDRE,Pascal,TRUE,0
182,jean-luc.gimeno,GIMENO,Jean-Luc,TRUE,0
52,dominique.glaize,GLAIZE,Dominique,TRUE,0
163,dpe-gosciniak.consultant,GOSCINIAK,Christian,TRUE,0
126,laurent.gramfort,GRAMFORT,Laurent,TRUE,0
143,olivier.gregoire,GREGOIRE,Olivier,TRUE,0
128,guerin,GUERIN,\N,FALSE,0
43,paul.guillot,GUILLOT,Paul,TRUE,0
183,alice.hafner,HAFNER,Alice ,TRUE,0
14,alexandre.anocq,HANOCQ,Alexandre,FALSE,0
40,denis-m.henry,HENRY,Denis ,TRUE,0
5,philippe.herault,HERAULT,Philippe,TRUE,0
153,philippe.herault,HERAULT,Philippe,FALSE,0
169,gilles.hug,HUG,Gilles,TRUE,0
89,pecqueur,Jean Marc PECQUEUR,\N,FALSE,0
10,didier.jean-francois,JEAN-FRANCOIS,Didier ,TRUE,0
73,claude.juniet,JUNIET,Claude,TRUE,0
125,pascal.jutant,JUTANT,Pascal,TRUE,0
108,mkerhom,KERHOM,\N,FALSE,0
35,daniele.kuntz,KUNTZ,Danièle ,TRUE,0
71,jean.labonne,LABONNE,Jean,TRUE,0
144,monique.lacoste,LACOSTE,Monique,TRUE,0
119,geraldine.landrea,LANDREA,Géraldine,TRUE,0
57,amlandreau,LANDREAU,\N,FALSE,0
141,landry,LANDRY,\N,FALSE,0
189,mylene.lartin,LARTIN,Mylène,TRUE,1
145,jean-francois-1.latour,LATOUR,Jean-François,TRUE,0
130,latreuille,LATREUILLE,\N,FALSE,0
105,anthony.laurent,LAURENT,Anthony,TRUE,0
106,didier.le-blevec,LE BLEVEC,Didier,TRUE,0
59,rene.le-gallo,LE GALLO,René,TRUE,0
198,maurice.le-limantour,LE LIMANTOUR,Maurice,TRUE,0
42,isabelle.lecomte,LECOMTE,Isabelle,TRUE,0
15,jacques.letscher,LETSCHER,Jacques,TRUE,0
77,myriam.leyrit,LEYRIT,Myriam,TRUE,0
24,marie-pierre.ligout,LIGOUT,Marie-Pierre,TRUE,1
46,dme-llull.consultant,LLULL,Jean-François,TRUE,0
154,msauvage,M Sauvage,\N,FALSE,0
91,omar.mhalaine,M'HALAINE,Omar,TRUE,0
20,liliane.maillard,MAILLARD,Liliane,TRUE,0
136,malibert,MALIBERT,\N,FALSE,0
184,fabrice.marandet,MARANDET,Fabrice ,TRUE,0
55,herve.martin,MARTIN,Hervé,TRUE,0
78,chantal.mary,MARY,Chantal,TRUE,0
192,chantal.mary,MARY,Chantal,FALSE,0
70,brigitte-1.masson,MASSON,Brigitte,TRUE,0
122,tatiana.mayot,MAYOT,Tatiana,TRUE,0
67,monique.mazeyrat,MAZEYRAT,Monique,TRUE,0
129,Th-mechaly.consultant,MECHALY,th,TRUE,0
111,tma_medoc1,MEDOC1,\N,FALSE,0
112,tma_medoc2,MEDOC2,\N,FALSE,0
113,tma_medoc3,MEDOC3,\N,FALSE,0
114,tma_medoc4,MEDOC4,\N,FALSE,0
115,tma_medoc5,MEDOC5,\N,FALSE,0
84,jean-denis.metayer,METAYER,Jean-denis,TRUE,0
68,dominique-m.meyer,MEYER,Dominique,TRUE,0
11,alain.michel,MICHEL,Alain,FALSE,0
178,romano,Monique ROMANO,\N,FALSE,0
34,marie-claude.monnier,MONNIER,Marie-Claude,TRUE,0
124,monnot,MONNOT,\N,FALSE,0
185,philippe.monserrat,MONSERRAT,Philippe,TRUE,0
2,catherine.montfort,MONTFORT,Catherine,TRUE,0
176,jean-pierre.muscarnera,MUSCARNERA,Jean-Pierre,TRUE,0
159,jean-luc.nataf,NATAF,Jean-Luc,TRUE,0
16,chantal.nicolas,NICOLAS,Chantal,TRUE,0
137,jean-pierre.noirot,NOIROT,Jean-Pierre,TRUE,0
96,marie-estelle.ortis,ORTIS,Marie Estelle ,TRUE,0
146,patrick.ourzik,OURZIK,Patrick,TRUE,0
138,michel.palazy,PALAZY,Michel,TRUE,0
7,alain.panon,PANON,Alain ,TRUE,0
58,jean-michel.payen,PAYEN,Jean-Michel,TRUE,0
191,fanny.peclet,PECLET,Fanny,TRUE,0
56,francois.petitberghien,PETITBERGHIEN,François,TRUE,0
88,isabelle.pette,PETTE,Isabelle,TRUE,0
92,philippe.dargein,DARGEIN,Philippe,TRUE,0
90,jean-luc.pierquin,PIERQUIN,Jean Luc ,TRUE,0
160,jean-francois.pinelli,PINELLI,Jean-Fançois,TRUE,0
109,dpoirier,POIRIER,\N,FALSE,0
54,bruno.porte,PORTE,Bruno,TRUE,0
139,patrick.pouvesle,POUVESLE,Patrick,TRUE,0
45,psn-ct,psn-ct,\N,FALSE,0
17,martine.rambaud-herve,RAMBAUD-HERVE,Martine ,TRUE,0
117,eric.rebouillet-petiot,REBOUILLET-PETIOT,Eric,TRUE,0
100,beatrice.regniere,REGNIERE,Béatrice,TRUE,0
177,evelyne.reynouard,REYNOUARD,Evelyne ,TRUE,0
168,mickael.ribeiro,RIBEIRO,Mickaël,TRUE,0
82,olivier.richer,RICHER,Olivier,TRUE,0
44,pierre.riou,RIOU,Pierre,TRUE,0
140,christophe.riou,RIOU,Christophe,TRUE,0
47,dme-riviere.consultant,RIVIERE,Benoît,TRUE,0
63,michel.rodier,RODIER,Michel,TRUE,0
69,martine.rougier,ROUGIER,Martine,TRUE,0
22,renaud.rouire,ROUIRE,Renaud,TRUE,0
127,nadine.saincet,SAINCET,Nadine,TRUE,0
179,emmanuel.sangue,SANGUE,Emmanuel,TRUE,0
142,sauvage,SAUVAGE,\N,FALSE,0
107,karen.schuler,SCHULER,Karen,TRUE,0
1,si2all,SI-2A Luc LAMIRAND,\N,FALSE,0
172,si2acg,SI2A CG,\N,FALSE,0
31,nathalie.simon,SIMON,Nathalie,TRUE,0
50,simonin,simonin,\N,FALSE,0
164,si2acqmf,SOAE CQMF,\N,FALSE,0
98,jean-christophe.sonzini,SONZINI,Jean-Christophe ,TRUE,0
76,jane.soulier,SOULIER,Jane,TRUE,0
161,denis.surjus,SURJUS,Denis ,TRUE,0
120,fabrice.teyssier,TEYSSIER,Fabrice ,TRUE,0
104,veronique.tissier,TISSIER,Véronique ,TRUE,0
162,georges.tournier,TOURNIER,Georges,TRUE,0
65,danielle.touron,TOURON,Danielle,TRUE,0
147,denis.tullifer,TULLIFER,Denis ,TRUE,0
186,agent,Utilisateur 14,\N,FALSE,0
148,patrick.vallade,VALLADE,Patrick,TRUE,0
75,sylvie.vassenet,VASSENET,Sylvie,TRUE,0
74,pascale.wallis,WALLIS,Pascale,TRUE,0
