E,"Bureau d'étude : FIP"
M,2018-02-01,28
F,"vide:   ","vide:   ","ferie:   ","ferie:   ","vide:   ","vide:   ","vide:   ","vide:   ","vide:   ","ferie:   ","ferie:   ","vide:   ","vide:   ","vide:   ","vide:   ","vide:   ","ferie:   ","ferie:   ","vide:   ","vide:   ","vide:   ","vide:   ","vide:   ","ferie:   ","ferie:   ","vide:   ","vide:   ","vide:   "
O,FIPDC,"FIPDC ",pas_sure:???,pas_sure:???,"ferie:   ","ferie:   ","vide:   ","vide:   ","vide:   ","vide:   ","vide:   ","ferie:   ","ferie:   ","vide:   ","vide:   ","vide:   ","vide:   ","vide:   ","ferie:   ","ferie:   ","vide:   ","vide:   ","vide:   ","vide:   ","vide:   ","ferie:   ","ferie:   ","vide:   ","vide:   ","vide:   "
O,"FIPFN NEVERS","FIPFN ","vide:   ","vide:   ","ferie:   ","ferie:   ","vide:   ",pas_sure:???,pas_sure:???,"vide:   ","vide:   ","ferie:   ","ferie:   ","vide:   ","vide:   ","vide:   ","vide:   ","vide:   ","ferie:   ","ferie:   ","vide:   ","vide:   ","vide:   ","vide:   ","vide:   ","ferie:   ","ferie:   ","vide:   ","vide:   ","vide:   "
O,"*FIP-IR-HR-TP REECR. FP 1/2","FIPRA HR-ND HR-NR IR-TF TOPPP TOPRI ","vide:   ",pas_sure:???,pas_sure:???,pas_sure:???,pas_sure:???,pas_sure:???,pas_sure:???,pas_sure:???,pas_sure:???,pas_sure:???,pas_sure:???,pas_sure:???,pas_sure:???,"vide:   ","vide:   ","vide:   ","ferie:   ","ferie:   ","vide:   ","vide:   ","vide:   ","vide:   ","vide:   ","ferie:   ","ferie:   ","vide:   ","vide:   ","vide:   "
O,"FIPSN NEVERS","FIPSN ","vide:   ","vide:   ","ferie:   ","ferie:   ","vide:   ","vide:   ","vide:   ","vide:   ","vide:   ","ferie:   ","ferie:   ","vide:   ",pas_sure:???,"vide:   ","vide:   ","vide:   ","ferie:   ","ferie:   ","vide:   ","vide:   ","vide:   ","vide:   ","vide:   ","ferie:   ","ferie:   ","vide:   ","vide:   ","vide:   "
O,"*FIP-HR REECR. FP 2/2","FIPRA HR-NB HR-ND HR-NF HR-NG HR-NL HR-NN ","vide:   ","vide:   ","ferie:   ","ferie:   ","vide:   ","vide:   ","vide:   ","vide:   ","vide:   ",pas_sure:???,pas_sure:???,pas_sure:???,pas_sure:???,pas_sure:???,pas_sure:???,pas_sure:???,"ferie:   ","ferie:   ","vide:   ","vide:   ","vide:   ","vide:   ","vide:   ","ferie:   ","ferie:   ","vide:   ","vide:   ","vide:   "
O,"FIPTD NEVERS","FIPTD ","vide:   ","vide:   ","ferie:   ","ferie:   ","vide:   ","vide:   ","vide:   ","vide:   ","vide:   ",pas_sure:???,pas_sure:???,pas_sure:???,pas_sure:???,pas_sure:???,pas_sure:???,pas_sure:???,pas_sure:???,pas_sure:???,pas_sure:???,pas_sure:???,pas_sure:???,pas_sure:???,"vide:   ","ferie:   ","ferie:   ","vide:   ","vide:   ","vide:   "
O,FIPCI,"FIPCI ","vide:   ","vide:   ","ferie:   ","ferie:   ","vide:   ","vide:   ","vide:   ","vide:   ","vide:   ","ferie:   ","ferie:   ","vide:   ","vide:   ","vide:   ","vide:   ","vide:   ","ferie:   ","ferie:   ","vide:   ","vide:   ","vide:   ","sure:   ","sure:   ","ferie:   ","ferie:   ","vide:   ","vide:   ","vide:   "
O,FIPTO,"FIPTO ","vide:   ","vide:   ","ferie:   ","ferie:   ","vide:   ","vide:   ","vide:   ","vide:   ","vide:   ","ferie:   ","ferie:   ","vide:   ","vide:   ","vide:   ","vide:   ","vide:   ","ferie:   ","ferie:   ","vide:   ",pas_sure:???,pas_sure:???,pas_sure:???,pas_sure:???,pas_sure:???,pas_sure:???,"vide:   ","vide:   ","vide:   "
O,FIPFA,"FIPFA ","vide:   ","vide:   ","ferie:   ","ferie:   ","vide:   ","vide:   ","vide:   ","vide:   ","vide:   ","ferie:   ","ferie:   ","vide:   ","vide:   ","vide:   ","vide:   ","vide:   ","ferie:   ","ferie:   ","vide:   ","vide:   ","vide:   ",pas_sure:???,pas_sure:???,pas_sure:???,pas_sure:???,pas_sure:???,pas_sure:???,pas_sure:???
O,FIPSU,"FIPSU ","vide:   ","vide:   ","ferie:   ","ferie:   ","vide:   ","vide:   ","vide:   ","vide:   ","vide:   ","ferie:   ","ferie:   ","vide:   ","vide:   ","vide:   ","vide:   ","vide:   ","ferie:   ","ferie:   ","vide:   ","vide:   ","vide:   ",pas_sure:???,pas_sure:???,pas_sure:???,pas_sure:???,pas_sure:???,pas_sure:???,pas_sure:???
O,FIPGF,"FIPGF ","vide:   ","vide:   ","ferie:   ","ferie:   ","vide:   ","vide:   ","vide:   ","vide:   ","vide:   ","ferie:   ","ferie:   ","vide:   ","vide:   ","vide:   ","vide:   ","vide:   ","ferie:   ","ferie:   ","vide:   ","vide:   ","vide:   ","vide:   ",pas_sure:???,pas_sure:???,pas_sure:???,pas_sure:???,pas_sure:???,pas_sure:???
O,"FIP REECR RESTITUTIONS","FIPAD FIPEC FIPTP ","vide:   ","vide:   ","ferie:   ","ferie:   ","vide:   ","vide:   ","vide:   ","vide:   ","vide:   ","ferie:   ","ferie:   ","vide:   ","vide:   ","vide:   ","vide:   ","vide:   ","ferie:   ","ferie:   ","vide:   ","vide:   ","vide:   ",pas_sure:???,pas_sure:???,pas_sure:???,pas_sure:???,pas_sure:???,pas_sure:???,pas_sure:???
O,"FIPAD NEVERS","FIPAD ","vide:   ","vide:   ","ferie:   ","ferie:   ","vide:   ","vide:   ","vide:   ","vide:   ","vide:   ","ferie:   ","ferie:   ","vide:   ","vide:   ","vide:   ","vide:   ","vide:   ","ferie:   ","ferie:   ","vide:   ","vide:   ","vide:   ","vide:   ","vide:   ","ferie:   ","ferie:   ","vide:   ",pas_sure:???,pas_sure:???
O,FIPPM,"FIPPM ","vide:   ","vide:   ","ferie:   ","ferie:   ","vide:   ","vide:   ","vide:   ","vide:   ","vide:   ","ferie:   ","ferie:   ","vide:   ","vide:   ","vide:   ","vide:   ","vide:   ","ferie:   ","ferie:   ","vide:   ","vide:   ","vide:   ","vide:   ","vide:   ","ferie:   ","ferie:   ","vide:   ",pas_sure:???,pas_sure:???
M,2018-03-01,31
F,"vide:   ","vide:   ","ferie:   ","ferie:   ","vide:   ","vide:   ","vide:   ","vide:   ","vide:   ","ferie:   ","ferie:   ","vide:   ","vide:   ","vide:   ","vide:   ","vide:   ","ferie:   ","ferie:   ","vide:   ","vide:   ","vide:   ","vide:   ","vide:   ","ferie:   ","ferie:   ","vide:   ","vide:   ","vide:   ","vide:   ","vide:   ","ferie:   "
O,"FIP REECR RESTITUTIONS","FIPAD FIPEC FIPTP ",pas_sure:???,"vide:   ","ferie:   ","ferie:   ","vide:   ","vide:   ","vide:   ","vide:   ","vide:   ","ferie:   ","ferie:   ","vide:   ","vide:   ","vide:   ","vide:   ","vide:   ","ferie:   ","ferie:   ","vide:   ","vide:   ","vide:   ","vide:   ","vide:   ","ferie:   ","ferie:   ","vide:   ","vide:   ","vide:   ","vide:   ","vide:   ","ferie:   "
O,"FIPAD NEVERS","FIPAD ",pas_sure:???,pas_sure:???,pas_sure:???,pas_sure:???,"vide:   ","vide:   ","vide:   ","vide:   ","vide:   ","ferie:   ","ferie:   ","vide:   ","vide:   ","vide:   ","vide:   ","vide:   ","ferie:   ","ferie:   ","vide:   ","vide:   ","vide:   ","vide:   ","vide:   ","ferie:   ","ferie:   ","vide:   ","vide:   ","vide:   ","vide:   ","vide:   ","ferie:   "
O,FIPPM,"FIPPM ",pas_sure:???,pas_sure:???,pas_sure:???,pas_sure:???,pas_sure:???,"vide:   ","vide:   ","vide:   ","vide:   ","ferie:   ","ferie:   ","vide:   ","vide:   ","vide:   ","vide:   ","vide:   ","ferie:   ","ferie:   ","vide:   ","vide:   ","vide:   ","vide:   ","vide:   ","ferie:   ","ferie:   ","vide:   ","vide:   ","vide:   ","vide:   ","vide:   ","ferie:   "
O,"FIP PREPARATION 2042","FIPAD FIPIX FIPPC FIPPU ","sure:   ","sure:   ","sure:   ","sure:   ","sure:   ","sure:   ","sure:   ","sure:   ","sure:   ","ferie:   ","ferie:   ","vide:   ","vide:   ","vide:   ","vide:   ","vide:   ","ferie:   ","ferie:   ","vide:   ","vide:   ","vide:   ","vide:   ","vide:   ","ferie:   ","ferie:   ","vide:   ","vide:   ","vide:   ","vide:   ","vide:   ","ferie:   "
O,FIPMT,"FIPMT ","vide:   ","vide:   ","ferie:   ","ferie:   ","vide:   ",pas_sure:???,pas_sure:???,pas_sure:???,pas_sure:???,pas_sure:???,pas_sure:???,"vide:   ","vide:   ","vide:   ","vide:   ","vide:   ","ferie:   ","ferie:   ","vide:   ","vide:   ","vide:   ","vide:   ","vide:   ","ferie:   ","ferie:   ","vide:   ","vide:   ","vide:   ","vide:   ","vide:   ","ferie:   "
O,FIPED,"FIPED ","vide:   ","vide:   ","ferie:   ","ferie:   ","vide:   ",pas_sure:???,pas_sure:???,pas_sure:???,pas_sure:???,pas_sure:???,pas_sure:???,pas_sure:???,"vide:   ","vide:   ","vide:   ","vide:   ","ferie:   ","ferie:   ","vide:   ","vide:   ","vide:   ","vide:   ","vide:   ","ferie:   ","ferie:   ","vide:   ","vide:   ","vide:   ","vide:   ","vide:   ","ferie:   "
O,"FIPPX REEL","FIPPX ","vide:   ","vide:   ","ferie:   ","ferie:   ","vide:   ","vide:   ","vide:   ","vide:   ",pas_sure:???,pas_sure:???,pas_sure:???,pas_sure:???,pas_sure:???,pas_sure:???,pas_sure:???,"vide:   ","ferie:   ","ferie:   ","vide:   ","vide:   ","vide:   ","vide:   ","vide:   ","ferie:   ","ferie:   ","vide:   ","vide:   ","vide:   ","vide:   ","vide:   ","ferie:   "
O,FIPSL,"FIPSL ","vide:   ","vide:   ","ferie:   ","ferie:   ","vide:   ","vide:   ","vide:   ","vide:   ","vide:   ","ferie:   ","ferie:   ","vide:   ",pas_sure:???,pas_sure:???,pas_sure:???,pas_sure:???,pas_sure:???,pas_sure:???,"vide:   ","vide:   ","vide:   ","vide:   ","vide:   ","ferie:   ","ferie:   ","vide:   ","vide:   ","vide:   ","vide:   ","vide:   ","ferie:   "
O,FIPDU,"FIPDU ","vide:   ","vide:   ","ferie:   ","ferie:   ","vide:   ","vide:   ","vide:   ","vide:   ","vide:   ","ferie:   ","ferie:   ","vide:   ","vide:   ","vide:   ","vide:   ","vide:   ","ferie:   ","ferie:   ","vide:   ",pas_sure:???,pas_sure:???,pas_sure:???,pas_sure:???,pas_sure:???,pas_sure:???,pas_sure:???,"vide:   ","vide:   ","vide:   ","vide:   ","ferie:   "
O,FIPCI,"FIPCI ","vide:   ","vide:   ","ferie:   ","ferie:   ","vide:   ","vide:   ","vide:   ","vide:   ","vide:   ","ferie:   ","ferie:   ","vide:   ","vide:   ","vide:   ","vide:   ","vide:   ","ferie:   ","ferie:   ","vide:   ","vide:   ","vide:   ","vide:   ","vide:   ","ferie:   ","ferie:   ","vide:   ","vide:   ","vide:   ","sure:   ","sure:   ","ferie:   "
M,2018-04-01,30
F,"ferie:   ","ferie:   ","vide:   ","vide:   ","vide:   ","vide:   ","ferie:   ","ferie:   ","vide:   ","vide:   ","vide:   ","vide:   ","vide:   ","ferie:   ","ferie:   ","vide:   ","vide:   ","vide:   ","vide:   ","vide:   ","ferie:   ","ferie:   ","vide:   ","vide:   ","vide:   ","vide:   ","vide:   ","ferie:   ","ferie:   ","vide:   "
O,"FIPPX SIMULATION","FIPPX ","ferie:   ","ferie:   ","vide:   ","vide:   ","vide:   ",pas_sure:???,pas_sure:???,pas_sure:???,pas_sure:???,pas_sure:???,pas_sure:???,pas_sure:???,"vide:   ","ferie:   ","ferie:   ","vide:   ","vide:   ","vide:   ","vide:   ","vide:   ","ferie:   ","ferie:   ","vide:   ","vide:   ","vide:   ","vide:   ","vide:   ","ferie:   ","ferie:   ","vide:   "
O,FIPDE,"FIPDE ","ferie:   ","ferie:   ","vide:   ","vide:   ","vide:   ","vide:   ","ferie:   ","ferie:   ","vide:   ",pas_sure:???,pas_sure:???,pas_sure:???,pas_sure:???,pas_sure:???,pas_sure:???,pas_sure:???,"vide:   ","vide:   ","vide:   ","vide:   ","ferie:   ","ferie:   ","vide:   ","vide:   ","vide:   ","vide:   ","vide:   ","ferie:   ","ferie:   ","vide:   "
O,FIP7E,"FIP7E ","ferie:   ","ferie:   ","vide:   ","vide:   ","vide:   ","vide:   ","ferie:   ","ferie:   ","vide:   ","vide:   ","vide:   ","vide:   ","vide:   ","ferie:   ","ferie:   ","vide:   ","vide:   ","vide:   ","vide:   ","vide:   ","ferie:   ","ferie:   ","vide:   ",pas_sure:???,"vide:   ","vide:   ","vide:   ","ferie:   ","ferie:   ","vide:   "
O,FIPCI,"FIPCI ","ferie:   ","ferie:   ","vide:   ","vide:   ","vide:   ","vide:   ","ferie:   ","ferie:   ","vide:   ","vide:   ","vide:   ","vide:   ","vide:   ","ferie:   ","ferie:   ","vide:   ","vide:   ","vide:   ","vide:   ","vide:   ","ferie:   ","ferie:   ","vide:   ","vide:   ","vide:   ","sure:   ","sure:   ","ferie:   ","ferie:   ","vide:   "
O,FIP_ROLE917,"FIPAN FIPIX ","ferie:   ","ferie:   ","vide:   ","vide:   ","vide:   ","vide:   ","ferie:   ","ferie:   ","vide:   ","vide:   ","vide:   ","vide:   ","vide:   ","ferie:   ","ferie:   ","vide:   ","vide:   ","vide:   ","vide:   ","vide:   ","ferie:   ","ferie:   ","vide:   ",pas_sure:???,pas_sure:???,pas_sure:???,pas_sure:???,pas_sure:???,pas_sure:???,pas_sure:???
O,FIPSC-FIPIB-FIPST,"FIPIB FIPSC FIPST ","ferie:   ","ferie:   ","vide:   ","vide:   ","vide:   ","vide:   ","ferie:   ","ferie:   ","vide:   ","vide:   ","vide:   ","vide:   ","vide:   ","ferie:   ","ferie:   ","vide:   ","vide:   ","vide:   ","vide:   ","vide:   ","ferie:   ","ferie:   ","vide:   ",pas_sure:???,pas_sure:???,pas_sure:???,pas_sure:???,pas_sure:???,pas_sure:???,pas_sure:???
M,2018-05-01,31
F,"ferie:   ","vide:   ","vide:   ","vide:   ","ferie:   ","ferie:   ","vide:   ","ferie:   ","vide:   ","ferie:   ","vide:   ","ferie:   ","ferie:   ","vide:   ","vide:   ","vide:   ","vide:   ","vide:   ","ferie:   ","ferie:   ","ferie:   ","vide:   ","vide:   ","vide:   ","vide:   ","ferie:   ","ferie:   ","vide:   ","vide:   ","vide:   ","vide:   "
O,FIPCI,"FIPCI ","ferie:   ","vide:   ","vide:   ","vide:   ","ferie:   ","ferie:   ","vide:   ","ferie:   ","vide:   ","ferie:   ","vide:   ","ferie:   ","ferie:   ","vide:   ","vide:   ","vide:   ","vide:   ","vide:   ","ferie:   ","ferie:   ","ferie:   ","vide:   ","vide:   ","vide:   ","vide:   ","ferie:   ","ferie:   ","vide:   ","vide:   ","vide:   ","sure:   "
