E,"Bureau d'étude : FE-SI1C"
M,2017-06-01,30
F,"vide:   ","vide:   ","ferie:   ","ferie:   ","ferie:   ","vide:   ","vide:   ","vide:   ","vide:   ","ferie:   ","ferie:   ","vide:   ","vide:   ","vide:   ","vide:   ","vide:   ","ferie:   ","ferie:   ","vide:   ","vide:   ","vide:   ","vide:   ","vide:   ","ferie:   ","ferie:   ","vide:   ","vide:   ","vide:   ","vide:   ","vide:   "
O,MTPDO,"MTPDO ","sure:   ","sure:   ","sure:   ","sure:   ","sure:   ","sure:   ","vide:   ","vide:   ","vide:   ","ferie:   ","ferie:   ","vide:   ","vide:   ","vide:   ","vide:   ","vide:   ","ferie:   ","ferie:   ","vide:   ","vide:   ","vide:   ","vide:   ","vide:   ","ferie:   ","ferie:   ","vide:   ","vide:   ","vide:   ","vide:   ","vide:   "
O,BRPMT,"BRPMT ","vide:   ","vide:   ","ferie:   ","ferie:   ","ferie:   ","vide:   ","vide:   ","sure:   ","vide:   ","ferie:   ","ferie:   ","vide:   ","vide:   ","vide:   ","vide:   ","vide:   ","ferie:   ","ferie:   ","vide:   ","vide:   ","vide:   ","vide:   ","vide:   ","ferie:   ","ferie:   ","vide:   ","vide:   ","vide:   ","vide:   ","vide:   "
O,"ACFAG BIRDE+LIASSES","ACFAG ","vide:   ","vide:   ","ferie:   ","ferie:   ","ferie:   ","sure:   ","sure:   ","sure:   ","sure:   ","ferie:   ","ferie:   ","vide:   ","vide:   ","vide:   ","vide:   ","vide:   ","ferie:   ","ferie:   ","vide:   ","vide:   ","vide:   ","vide:   ","vide:   ","ferie:   ","ferie:   ","vide:   ","vide:   ","vide:   ","vide:   ","vide:   "
O,"NPC2G CYCLES","NPC2G ","vide:   ","vide:   ","ferie:   ","ferie:   ","ferie:   ","sure:   ","sure:   ","sure:   ","sure:   ","sure:   ","sure:   ","sure:   ","sure:   ","sure:   ","sure:   ","sure:   ","sure:   ","sure:   ","sure:   ","sure:   ","sure:   ","sure:   ","vide:   ","ferie:   ","ferie:   ","vide:   ","vide:   ","vide:   ","vide:   ","vide:   "
O,"NPCLO/NPCCD CYCLES","NPCCA NPCCC NPCCD NPCCI NPCCN NPCCS NPCLO ","vide:   ","vide:   ","ferie:   ","ferie:   ","ferie:   ","vide:   ","vide:   ","sure:   ","sure:   ","sure:   ","sure:   ","sure:   ","sure:   ","sure:   ","sure:   ","sure:   ","sure:   ","sure:   ","sure:   ","sure:   ","sure:   ","sure:   ","vide:   ","ferie:   ","ferie:   ","vide:   ","vide:   ","vide:   ","vide:   ","vide:   "
O,NPCSY,"NPCYA NPCYC NPCYI ","vide:   ","vide:   ","ferie:   ","ferie:   ","ferie:   ","vide:   ","vide:   ","sure:   ","sure:   ","sure:   ","sure:   ","sure:   ","sure:   ","sure:   ","sure:   ","sure:   ","sure:   ","sure:   ","sure:   ","sure:   ","sure:   ","sure:   ","vide:   ","ferie:   ","ferie:   ","vide:   ","vide:   ","vide:   ","vide:   ","vide:   "
O,"NPCAD MENSUEL REI2","NPCAD ","vide:   ","vide:   ","ferie:   ","ferie:   ","ferie:   ","vide:   ","vide:   ","vide:   ","vide:   ","ferie:   ","ferie:   ","vide:   ","vide:   ","vide:   ","vide:   ","vide:   ","ferie:   ","ferie:   ","sure:   ","sure:   ","sure:   ","sure:   ","sure:   ","ferie:   ","ferie:   ","vide:   ","vide:   ","vide:   ","vide:   ","vide:   "
O,"NPCCD89 REI2","NPCCD ","vide:   ","vide:   ","ferie:   ","ferie:   ","ferie:   ","vide:   ","vide:   ","vide:   ","vide:   ","ferie:   ","ferie:   ","vide:   ","vide:   ","vide:   ","vide:   ","vide:   ","ferie:   ","ferie:   ","vide:   ","vide:   ","vide:   ",pas_sure:???,pas_sure:???,pas_sure:???,pas_sure:???,pas_sure:???,"vide:   ","vide:   ","vide:   ","vide:   "
O,"MTPCK REI2","MTPCK ","vide:   ","vide:   ","ferie:   ","ferie:   ","ferie:   ","vide:   ","vide:   ","vide:   ","vide:   ","ferie:   ","ferie:   ","vide:   ","vide:   ","vide:   ","sure:   ","sure:   ","sure:   ","sure:   ","sure:   ","sure:   ","sure:   ","sure:   ","sure:   ","sure:   ","sure:   ","sure:   ","sure:   ","sure:   ","vide:   ","vide:   "
O,MTPRB,"MTPRB ","vide:   ","vide:   ","ferie:   ","ferie:   ","ferie:   ","vide:   ","vide:   ","vide:   ","vide:   ","ferie:   ","ferie:   ","vide:   ","vide:   ","vide:   ","vide:   ","vide:   ","ferie:   ","ferie:   ","vide:   ","vide:   ","vide:   ","vide:   ","vide:   ","ferie:   ","ferie:   ","vide:   ","vide:   ","sure:   ","sure:   ","sure:   "
O,MTPFD,"MTPFD ","vide:   ","vide:   ","ferie:   ","ferie:   ","ferie:   ","vide:   ","vide:   ","vide:   ","vide:   ","ferie:   ","ferie:   ","vide:   ","vide:   ","vide:   ","vide:   ","vide:   ","ferie:   ","ferie:   ","vide:   ","vide:   ","vide:   ","vide:   ","vide:   ","ferie:   ","ferie:   ","vide:   ","vide:   ","vide:   ","sure:   ","sure:   "
O,NPCLO,"NPCLO ","vide:   ","sure:   ","ferie:   ","ferie:   ","ferie:   ","vide:   ","vide:   ","vide:   ","sure:   ","ferie:   ","ferie:   ","vide:   ","vide:   ","vide:   ","vide:   ","sure:   ","ferie:   ","ferie:   ","vide:   ","vide:   ","vide:   ","vide:   ","sure:   ","ferie:   ","ferie:   ","vide:   ","vide:   ","vide:   ","vide:   ","sure:   "
O,"ACFAD HEBDO","ACFAD ","vide:   ","vide:   ","ferie:   ","sure:   ","ferie:   ","vide:   ","vide:   ","vide:   ","vide:   ","ferie:   ","sure:   ","vide:   ","vide:   ","vide:   ","vide:   ","vide:   ","ferie:   ","sure:   ","vide:   ","vide:   ","vide:   ","vide:   ","vide:   ","ferie:   ","sure:   ","vide:   ","vide:   ","vide:   ","vide:   ","vide:   "
O,ACFAA,"ACFAA ","vide:   ","vide:   ","ferie:   ","ferie:   ","ferie:   ","sure:   ","vide:   ","vide:   ","vide:   ","ferie:   ","ferie:   ","vide:   ","sure:   ","vide:   ","vide:   ","vide:   ","ferie:   ","ferie:   ","vide:   ","sure:   ","vide:   ","vide:   ","vide:   ","ferie:   ","ferie:   ","vide:   ","sure:   ","vide:   ","vide:   ","vide:   "
O,"MTPGE HEBDO","MTPGE ","vide:   ","vide:   ","ferie:   ","ferie:   ","ferie:   ","sure:   ","vide:   ","vide:   ","vide:   ","ferie:   ","ferie:   ","sure:   ","vide:   ","vide:   ","vide:   ","vide:   ","ferie:   ","ferie:   ","sure:   ","vide:   ","vide:   ","vide:   ","vide:   ","ferie:   ","ferie:   ","sure:   ","vide:   ","vide:   ","vide:   ","vide:   "
O,"MTPGE MENSUEL","MTPGE ","vide:   ","vide:   ","ferie:   ","ferie:   ","ferie:   ","sure:   ","vide:   ","vide:   ","vide:   ","ferie:   ","ferie:   ","vide:   ","vide:   ","vide:   ","vide:   ","vide:   ","ferie:   ","ferie:   ","vide:   ","vide:   ","vide:   ","vide:   ","vide:   ","ferie:   ","ferie:   ","vide:   ","vide:   ","vide:   ","vide:   ","vide:   "
O,MTPVA,"MTPVA ","vide:   ","vide:   ","ferie:   ","ferie:   ","ferie:   ","sure:   ","vide:   ","vide:   ","vide:   ","ferie:   ","ferie:   ","sure:   ","vide:   ","vide:   ","vide:   ","vide:   ","ferie:   ","ferie:   ","sure:   ","vide:   ","vide:   ","vide:   ","vide:   ","ferie:   ","ferie:   ","sure:   ","vide:   ","vide:   ","vide:   ","vide:   "
M,2017-07-01,31
F,"ferie:   ","ferie:   ","vide:   ","vide:   ","vide:   ","vide:   ","vide:   ","ferie:   ","ferie:   ","vide:   ","vide:   ","vide:   ","vide:   ","ferie:   ","ferie:   ","ferie:   ","vide:   ","vide:   ","vide:   ","vide:   ","vide:   ","ferie:   ","ferie:   ","vide:   ","vide:   ","vide:   ","vide:   ","vide:   ","ferie:   ","ferie:   ","vide:   "
O,MTPRB,"MTPRB ","ferie:   ","ferie:   ","vide:   ","vide:   ","vide:   ","vide:   ","vide:   ","ferie:   ","ferie:   ","vide:   ","vide:   ","vide:   ","vide:   ","ferie:   ","ferie:   ","ferie:   ","vide:   ","vide:   ","vide:   ","vide:   ","vide:   ","ferie:   ","ferie:   ","vide:   ","vide:   ","vide:   ","vide:   ","vide:   ","ferie:   ","ferie:   ","vide:   "
O,BRPMT,"BRPMT ","ferie:   ","ferie:   ","vide:   ","vide:   ","vide:   ","vide:   ","vide:   ","ferie:   ","ferie:   ","sure:   ","vide:   ","vide:   ","vide:   ","ferie:   ","ferie:   ","ferie:   ","vide:   ","vide:   ","vide:   ","vide:   ","vide:   ","ferie:   ","ferie:   ","vide:   ","vide:   ","vide:   ","vide:   ","vide:   ","ferie:   ","ferie:   ","vide:   "
O,MTPFD,"MTPFD ","sure:   ","sure:   ","sure:   ","sure:   ","sure:   ","sure:   ","sure:   ","sure:   ","sure:   ","sure:   ","sure:   ","sure:   ","sure:   ","ferie:   ","ferie:   ","ferie:   ","vide:   ","vide:   ","vide:   ","vide:   ","vide:   ","ferie:   ","ferie:   ","vide:   ","vide:   ","vide:   ","vide:   ","vide:   ","ferie:   ","ferie:   ","vide:   "
O,"ACFAG BIRDE+LIASSES","ACFAG ","ferie:   ","ferie:   ","vide:   ","vide:   ","vide:   ","vide:   ","vide:   ","ferie:   ","ferie:   ","sure:   ","sure:   ","sure:   ","sure:   ","ferie:   ","ferie:   ","ferie:   ","vide:   ","vide:   ","vide:   ","vide:   ","vide:   ","ferie:   ","ferie:   ","vide:   ","vide:   ","vide:   ","vide:   ","vide:   ","ferie:   ","ferie:   ","vide:   "
O,"MTPME-CL-CR SIM JUI REI2","MTPCL MTPCR MTPME ","ferie:   ","ferie:   ","vide:   ","vide:   ","vide:   ","vide:   ","vide:   ","ferie:   ","ferie:   ","vide:   ","vide:   ","vide:   ","vide:   ","ferie:   ","ferie:   ","ferie:   ","sure:   ","sure:   ","sure:   ","sure:   ","sure:   ","ferie:   ","ferie:   ","vide:   ","vide:   ","vide:   ","vide:   ","vide:   ","ferie:   ","ferie:   ","vide:   "
O,"NPCAD MENSUEL REI2","NPCAD ","ferie:   ","ferie:   ","vide:   ","vide:   ","vide:   ","vide:   ","vide:   ","ferie:   ","ferie:   ","vide:   ","vide:   ","vide:   ","vide:   ","ferie:   ","ferie:   ","ferie:   ","sure:   ","sure:   ","sure:   ","sure:   ","sure:   ","ferie:   ","ferie:   ","vide:   ","vide:   ","vide:   ","vide:   ","vide:   ","ferie:   ","ferie:   ","vide:   "
O,"MTPVA RNEP REI2","MTPVA ","ferie:   ","ferie:   ","vide:   ","vide:   ","vide:   ","vide:   ","vide:   ","ferie:   ","ferie:   ","vide:   ","vide:   ","sure:   ","sure:   ","sure:   ","sure:   ","sure:   ","sure:   ","sure:   ","sure:   ","sure:   ","sure:   ","sure:   ","sure:   ","sure:   ","sure:   ","sure:   ","sure:   ","sure:   ","ferie:   ","ferie:   ","vide:   "
O,MTPRB,"MTPRB ","ferie:   ","ferie:   ","vide:   ","vide:   ","vide:   ","vide:   ","vide:   ","ferie:   ","ferie:   ","vide:   ","vide:   ","vide:   ","vide:   ","ferie:   ","ferie:   ","ferie:   ","vide:   ","vide:   ","vide:   ","vide:   ","vide:   ","ferie:   ","ferie:   ","vide:   ","vide:   ","vide:   ","sure:   ","sure:   ","sure:   ","sure:   ","vide:   "
O,MTPFD,"MTPFD ","ferie:   ","ferie:   ","vide:   ","vide:   ","vide:   ","vide:   ","vide:   ","ferie:   ","ferie:   ","vide:   ","vide:   ","vide:   ","vide:   ","ferie:   ","ferie:   ","ferie:   ","vide:   ","vide:   ","vide:   ","vide:   ","vide:   ","ferie:   ","ferie:   ","sure:   ","sure:   ","sure:   ","sure:   ","sure:   ","sure:   ","sure:   ","sure:   "
O,"ACFAD HEBDO","ACFAD ","ferie:   ","sure:   ","vide:   ","vide:   ","vide:   ","vide:   ","vide:   ","ferie:   ","sure:   ","vide:   ","vide:   ","vide:   ","vide:   ","ferie:   ","ferie:   ","sure:   ","vide:   ","vide:   ","vide:   ","vide:   ","vide:   ","ferie:   ","sure:   ","vide:   ","vide:   ","vide:   ","vide:   ","vide:   ","ferie:   ","sure:   ","vide:   "
O,"MTPGE HEBDO","MTPGE ","ferie:   ","ferie:   ","sure:   ","vide:   ","vide:   ","vide:   ","vide:   ","ferie:   ","ferie:   ","sure:   ","vide:   ","vide:   ","vide:   ","ferie:   ","ferie:   ","ferie:   ","sure:   ","vide:   ","vide:   ","vide:   ","vide:   ","ferie:   ","ferie:   ","vide:   ","vide:   ","vide:   ","vide:   ","vide:   ","ferie:   ","ferie:   ","vide:   "
O,"MTPGE MENSUEL","MTPGE ","ferie:   ","ferie:   ","sure:   ","vide:   ","vide:   ","vide:   ","vide:   ","ferie:   ","ferie:   ","vide:   ","vide:   ","vide:   ","vide:   ","ferie:   ","ferie:   ","ferie:   ","vide:   ","vide:   ","vide:   ","vide:   ","vide:   ","ferie:   ","ferie:   ","vide:   ","vide:   ","vide:   ","vide:   ","vide:   ","ferie:   ","ferie:   ","vide:   "
O,MTPVA,"MTPVA ","ferie:   ","ferie:   ","sure:   ","vide:   ","vide:   ","vide:   ","vide:   ","ferie:   ","ferie:   ","sure:   ","vide:   ","vide:   ","vide:   ","ferie:   ","ferie:   ","ferie:   ","sure:   ","vide:   ","vide:   ","vide:   ","vide:   ","ferie:   ","ferie:   ","sure:   ","vide:   ","vide:   ","vide:   ","vide:   ","ferie:   ","ferie:   ","sure:   "
O,ACFAA,"ACFAA ","ferie:   ","ferie:   ","vide:   ","sure:   ","vide:   ","vide:   ","vide:   ","ferie:   ","ferie:   ","vide:   ","sure:   ","vide:   ","vide:   ","ferie:   ","ferie:   ","ferie:   ","vide:   ","sure:   ","vide:   ","vide:   ","vide:   ","ferie:   ","ferie:   ","vide:   ","sure:   ","vide:   ","vide:   ","vide:   ","ferie:   ","ferie:   ","vide:   "
O,NPCLO,"NPCLO ","ferie:   ","ferie:   ","vide:   ","vide:   ","vide:   ","vide:   ","sure:   ","ferie:   ","ferie:   ","vide:   ","vide:   ","vide:   ","vide:   ","sure:   ","ferie:   ","ferie:   ","vide:   ","vide:   ","vide:   ","vide:   ","sure:   ","ferie:   ","ferie:   ","vide:   ","vide:   ","vide:   ","vide:   ","sure:   ","ferie:   ","ferie:   ","vide:   "
M,2017-08-01,31
F,"vide:   ","vide:   ","vide:   ","vide:   ","ferie:   ","ferie:   ","vide:   ","vide:   ","vide:   ","vide:   ","vide:   ","ferie:   ","ferie:   ","vide:   ","ferie:   ","vide:   ","vide:   ","vide:   ","ferie:   ","ferie:   ","vide:   ","vide:   ","vide:   ","vide:   ","vide:   ","ferie:   ","ferie:   ","vide:   ","vide:   ","vide:   ","vide:   "
O,BRPMT,"BRPMT ","vide:   ","vide:   ","vide:   ","vide:   ","ferie:   ","ferie:   ","vide:   ","sure:   ","vide:   ","vide:   ","vide:   ","ferie:   ","ferie:   ","vide:   ","ferie:   ","vide:   ","vide:   ","vide:   ","ferie:   ","ferie:   ","vide:   ","vide:   ","vide:   ","vide:   ","vide:   ","ferie:   ","ferie:   ","vide:   ","vide:   ","vide:   ","vide:   "
O,"ACFAG BIRDE+LIASSES","ACFAG ","vide:   ","vide:   ","vide:   ","vide:   ","ferie:   ","ferie:   ","sure:   ","sure:   ","sure:   ","sure:   ","sure:   ","ferie:   ","ferie:   ","vide:   ","ferie:   ","vide:   ","vide:   ","vide:   ","ferie:   ","ferie:   ","vide:   ","vide:   ","vide:   ","vide:   ","vide:   ","ferie:   ","ferie:   ","vide:   ","vide:   ","vide:   ","vide:   "
O,"NPCAD MENSUEL REI2","NPCAD ","vide:   ","vide:   ","vide:   ","vide:   ","ferie:   ","ferie:   ","vide:   ","vide:   ","vide:   ","vide:   ","vide:   ","ferie:   ","ferie:   ","vide:   ","ferie:   ","vide:   ","sure:   ","sure:   ","sure:   ","sure:   ","sure:   ","sure:   ","sure:   ","vide:   ","vide:   ","ferie:   ","ferie:   ","vide:   ","vide:   ","vide:   ","vide:   "
O,MTPRB-DB-DO,"MTPDB MTPDO MTPRB ","vide:   ","vide:   ","vide:   ","vide:   ","ferie:   ","ferie:   ","vide:   ","vide:   ","vide:   ","vide:   ","vide:   ","ferie:   ","ferie:   ","vide:   ","ferie:   ","vide:   ","sure:   ","sure:   ","sure:   ","sure:   ","sure:   ","sure:   ","sure:   ","sure:   ","sure:   ","ferie:   ","ferie:   ","vide:   ","vide:   ","vide:   ","vide:   "
O,"VN-MDR CAMPAGNE DVNI AOUT","MDRMC MDRMF VN-PC ","vide:   ","vide:   ","vide:   ","vide:   ","ferie:   ","ferie:   ","vide:   ","vide:   ","vide:   ","vide:   ","vide:   ","ferie:   ","ferie:   ","vide:   ","ferie:   ","vide:   ","vide:   ","vide:   ","ferie:   ","ferie:   ","sure:   ","sure:   ","sure:   ","sure:   ","sure:   ","ferie:   ","ferie:   ","vide:   ","vide:   ","vide:   ","vide:   "
O,MTPFD,"MTPFD ","sure:   ","sure:   ","sure:   ","sure:   ","sure:   ","sure:   ","sure:   ","sure:   ","sure:   ","sure:   ","sure:   ","sure:   ","sure:   ","sure:   ","sure:   ","sure:   ","sure:   ","sure:   ","sure:   ","sure:   ","sure:   ","sure:   ","sure:   ","sure:   ","sure:   ","sure:   ","sure:   ","sure:   ","sure:   ","sure:   ","sure:   "
O,ACFAA,"ACFAA ","sure:   ","vide:   ","vide:   ","vide:   ","ferie:   ","ferie:   ","vide:   ","sure:   ","vide:   ","vide:   ","vide:   ","ferie:   ","ferie:   ","vide:   ",pas_sure:???,"vide:   ","vide:   ","vide:   ","ferie:   ","ferie:   ","vide:   ","sure:   ","vide:   ","vide:   ","vide:   ","ferie:   ","ferie:   ","vide:   ","sure:   ","vide:   ","vide:   "
O,NPCLO,"NPCLO ","vide:   ","vide:   ","vide:   ","sure:   ","ferie:   ","ferie:   ","vide:   ","vide:   ","vide:   ","vide:   ","sure:   ","ferie:   ","ferie:   ","vide:   ","ferie:   ","vide:   ","vide:   ","sure:   ","ferie:   ","ferie:   ","vide:   ","vide:   ","vide:   ","vide:   ","sure:   ","ferie:   ","ferie:   ","vide:   ","vide:   ","vide:   ","vide:   "
O,"ACFAD HEBDO","ACFAD ","vide:   ","vide:   ","vide:   ","vide:   ","ferie:   ","sure:   ","vide:   ","vide:   ","vide:   ","vide:   ","vide:   ","ferie:   ","sure:   ","vide:   ","ferie:   ","vide:   ","vide:   ","vide:   ","ferie:   ","sure:   ","vide:   ","vide:   ","vide:   ","vide:   ","vide:   ","ferie:   ","sure:   ","vide:   ","vide:   ","vide:   ","vide:   "
O,"MTPGE HEBDO","MTPGE ","vide:   ","vide:   ","vide:   ","vide:   ","ferie:   ","ferie:   ","sure:   ","vide:   ","vide:   ","vide:   ","vide:   ","ferie:   ","ferie:   ","sure:   ","ferie:   ","vide:   ","vide:   ","vide:   ","ferie:   ","ferie:   ","sure:   ","vide:   ","vide:   ","vide:   ","vide:   ","ferie:   ","ferie:   ","sure:   ","vide:   ","vide:   ","vide:   "
O,"MTPGE MENSUEL","MTPGE ","vide:   ","vide:   ","vide:   ","vide:   ","ferie:   ","ferie:   ","sure:   ","vide:   ","vide:   ","vide:   ","vide:   ","ferie:   ","ferie:   ","vide:   ","ferie:   ","vide:   ","vide:   ","vide:   ","ferie:   ","ferie:   ","vide:   ","vide:   ","vide:   ","vide:   ","vide:   ","ferie:   ","ferie:   ","vide:   ","vide:   ","vide:   ","vide:   "
O,MTPVA,"MTPVA ","vide:   ","vide:   ","vide:   ","vide:   ","ferie:   ","ferie:   ","sure:   ","vide:   ","vide:   ","vide:   ","vide:   ","ferie:   ","ferie:   ","sure:   ","ferie:   ","vide:   ","vide:   ","vide:   ","ferie:   ","ferie:   ","sure:   ","vide:   ","vide:   ","vide:   ","vide:   ","ferie:   ","ferie:   ","sure:   ","vide:   ","vide:   ","vide:   "
M,2017-09-01,30
F,"vide:   ","ferie:   ","ferie:   ","vide:   ","vide:   ","vide:   ","vide:   ","vide:   ","ferie:   ","ferie:   ","vide:   ","vide:   ","vide:   ","vide:   ","vide:   ","ferie:   ","ferie:   ","vide:   ","vide:   ","vide:   ","vide:   ","vide:   ","ferie:   ","ferie:   ","vide:   ","vide:   ","vide:   ","vide:   ","vide:   ","ferie:   "
O,BRPMT,"BRPMT ","vide:   ","ferie:   ","ferie:   ","vide:   ","vide:   ","vide:   ","vide:   ","sure:   ","ferie:   ","ferie:   ","vide:   ","vide:   ","vide:   ","vide:   ","vide:   ","ferie:   ","ferie:   ","vide:   ","vide:   ","vide:   ","vide:   ","vide:   ","ferie:   ","ferie:   ","vide:   ","vide:   ","vide:   ","vide:   ","vide:   ","ferie:   "
O,"MTPME-CV REL REI2","MTPCV MTPME ","vide:   ","ferie:   ","ferie:   ","vide:   ","vide:   ","vide:   ","sure:   ","sure:   ","sure:   ","sure:   ","sure:   ","sure:   ","sure:   ","sure:   ","sure:   ","ferie:   ","ferie:   ","vide:   ","vide:   ","vide:   ","vide:   ","vide:   ","ferie:   ","ferie:   ","vide:   ","vide:   ","vide:   ","vide:   ","vide:   ","ferie:   "
O,MTPPA,"MTPPA ","vide:   ","ferie:   ","ferie:   ","vide:   ","vide:   ","vide:   ","sure:   ","sure:   ","sure:   ","sure:   ","sure:   ","sure:   ","sure:   ","sure:   ","sure:   ","ferie:   ","ferie:   ","vide:   ","vide:   ","vide:   ","vide:   ","vide:   ","ferie:   ","ferie:   ","vide:   ","vide:   ","vide:   ","vide:   ","vide:   ","ferie:   "
O,"ACFAG BIRDE+LIASSES","ACFAG ","vide:   ","ferie:   ","ferie:   ","vide:   ","vide:   ","vide:   ","vide:   ","vide:   ","ferie:   ","ferie:   ","sure:   ","sure:   ","sure:   ","sure:   ","sure:   ","ferie:   ","ferie:   ","vide:   ","vide:   ","vide:   ","vide:   ","vide:   ","ferie:   ","ferie:   ","vide:   ","vide:   ","vide:   ","vide:   ","vide:   ","ferie:   "
O,MTPFD,"MTPFD ","sure:   ","sure:   ","sure:   ","sure:   ","sure:   ","sure:   ","sure:   ","sure:   ","sure:   ","sure:   ","sure:   ","sure:   ","sure:   ","sure:   ","sure:   ","sure:   ","sure:   ","sure:   ","sure:   ","sure:   ","vide:   ","vide:   ","ferie:   ","ferie:   ","vide:   ","vide:   ","vide:   ","vide:   ","vide:   ","ferie:   "
O,MTPTA,"MTPTA ","vide:   ","ferie:   ","ferie:   ","vide:   ","vide:   ","vide:   ","sure:   ","sure:   ","sure:   ","sure:   ","sure:   ","sure:   ","sure:   ","sure:   ","sure:   ","sure:   ","sure:   ","sure:   ","sure:   ","sure:   ","vide:   ","vide:   ","ferie:   ","ferie:   ","vide:   ","vide:   ","vide:   ","vide:   ","vide:   ","ferie:   "
O,"NPCLO/NPCCD CYCLES","NPCCA NPCCC NPCCD NPCCI NPCCN NPCCS NPCLO ","sure:   ","sure:   ","sure:   ","sure:   ","sure:   ","sure:   ","sure:   ","sure:   ","sure:   ","sure:   ","sure:   ","sure:   ","sure:   ","sure:   ","sure:   ","sure:   ","sure:   ","sure:   ","sure:   ","sure:   ","sure:   ","vide:   ","ferie:   ","ferie:   ","vide:   ","vide:   ","vide:   ","vide:   ","vide:   ","ferie:   "
O,NPCSY,"NPCYA NPCYC NPCYI ","vide:   ","ferie:   ","ferie:   ","vide:   ","vide:   ","sure:   ","sure:   ","sure:   ","sure:   ","sure:   ","sure:   ","sure:   ","sure:   ","sure:   ","sure:   ","sure:   ","sure:   ","sure:   ","sure:   ","sure:   ","sure:   ","vide:   ","ferie:   ","ferie:   ","vide:   ","vide:   ","vide:   ","vide:   ","vide:   ","ferie:   "
O,"NPCAD MENSUEL REI2","NPCAD ","vide:   ","ferie:   ","ferie:   ","vide:   ","vide:   ","vide:   ","vide:   ","vide:   ","ferie:   ","ferie:   ","vide:   ","vide:   ","vide:   ","vide:   ","vide:   ","ferie:   ","ferie:   ","sure:   ","sure:   ","sure:   ","sure:   ","sure:   ","ferie:   ","ferie:   ","vide:   ","vide:   ","vide:   ","vide:   ","vide:   ","ferie:   "
O,NPCLO,"NPCLO ","sure:   ","ferie:   ","ferie:   ","vide:   ","vide:   ","vide:   ","vide:   ","sure:   ","ferie:   ","ferie:   ","vide:   ","vide:   ","vide:   ","vide:   ","sure:   ","ferie:   ","ferie:   ","vide:   ","vide:   ","vide:   ","vide:   ","sure:   ","ferie:   ","ferie:   ","vide:   ","vide:   ","vide:   ","vide:   ","sure:   ","ferie:   "
O,"ACFAD HEBDO","ACFAD ","vide:   ","ferie:   ","sure:   ","vide:   ","vide:   ","vide:   ","vide:   ","vide:   ","ferie:   ","sure:   ","vide:   ","vide:   ","vide:   ","vide:   ","vide:   ","ferie:   ","sure:   ","vide:   ","vide:   ","vide:   ","vide:   ","vide:   ","ferie:   ","sure:   ","vide:   ","vide:   ","vide:   ","vide:   ","vide:   ","ferie:   "
O,"MTPGE HEBDO","MTPGE ","vide:   ","ferie:   ","ferie:   ","sure:   ","vide:   ","vide:   ","vide:   ","vide:   ","ferie:   ","ferie:   ","sure:   ","vide:   ","vide:   ","vide:   ","vide:   ","ferie:   ","ferie:   ","sure:   ","vide:   ","vide:   ","vide:   ","vide:   ","ferie:   ","ferie:   ","sure:   ","vide:   ","vide:   ","vide:   ","vide:   ","ferie:   "
O,"MTPGE MENSUEL","MTPGE ","vide:   ","ferie:   ","ferie:   ","sure:   ","vide:   ","vide:   ","vide:   ","vide:   ","ferie:   ","ferie:   ","vide:   ","vide:   ","vide:   ","vide:   ","vide:   ","ferie:   ","ferie:   ","vide:   ","vide:   ","vide:   ","vide:   ","vide:   ","ferie:   ","ferie:   ","vide:   ","vide:   ","vide:   ","vide:   ","vide:   ","ferie:   "
O,MTPVA,"MTPVA ","vide:   ","ferie:   ","ferie:   ","sure:   ","vide:   ","vide:   ","vide:   ","vide:   ","ferie:   ","ferie:   ","sure:   ","vide:   ","vide:   ","vide:   ","vide:   ","ferie:   ","ferie:   ","sure:   ","vide:   ","vide:   ","vide:   ","vide:   ","ferie:   ","ferie:   ","sure:   ","vide:   ","vide:   ","vide:   ","vide:   ","ferie:   "
O,ACFAA,"ACFAA ","vide:   ","ferie:   ","ferie:   ","vide:   ","sure:   ","vide:   ","vide:   ","vide:   ","ferie:   ","ferie:   ","vide:   ","sure:   ","vide:   ","vide:   ","vide:   ","ferie:   ","ferie:   ","vide:   ","sure:   ","vide:   ","vide:   ","vide:   ","ferie:   ","ferie:   ","vide:   ","sure:   ","vide:   ","vide:   ","vide:   ","ferie:   "
