E,"Bureau d'étude : SIR"
M,2018-02-01,28
F,"vide:   ","vide:   ","ferie:   ","ferie:   ","vide:   ","vide:   ","vide:   ","vide:   ","vide:   ","ferie:   ","ferie:   ","vide:   ","vide:   ","vide:   ","vide:   ","vide:   ","ferie:   ","ferie:   ","vide:   ","vide:   ","vide:   ","vide:   ","vide:   ","ferie:   ","ferie:   ","vide:   ","vide:   ","vide:   "
O,SIRLV,"SIRLV ","vide:   ","vide:   ","ferie:   ","ferie:   ","vide:   ","vide:   ","vide:   ","vide:   ","vide:   ","ferie:   ","ferie:   ","vide:   ","vide:   ","vide:   ","vide:   ","vide:   ","ferie:   ","ferie:   ","vide:   ","vide:   ","vide:   ","vide:   ",pas_sure:???,pas_sure:???,pas_sure:???,pas_sure:???,pas_sure:???,"vide:   "
M,2018-03-01,31
N,"Aucune occurrence pour la période."
M,2018-04-01,30
F,"ferie:   ","ferie:   ","vide:   ","vide:   ","vide:   ","vide:   ","ferie:   ","ferie:   ","vide:   ","vide:   ","vide:   ","vide:   ","vide:   ","ferie:   ","ferie:   ","vide:   ","vide:   ","vide:   ","vide:   ","vide:   ","ferie:   ","ferie:   ","vide:   ","vide:   ","vide:   ","vide:   ","vide:   ","ferie:   ","ferie:   ","vide:   "
O,SIRBN,"SIRBN ","ferie:   ","ferie:   ","vide:   ","vide:   ","vide:   ",pas_sure:???,pas_sure:???,pas_sure:???,pas_sure:???,pas_sure:???,pas_sure:???,pas_sure:???,"vide:   ","ferie:   ","ferie:   ","vide:   ","vide:   ","vide:   ","vide:   ","vide:   ","ferie:   ","ferie:   ","vide:   ","vide:   ","vide:   ","vide:   ","vide:   ","ferie:   ","ferie:   ","vide:   "
M,2018-05-01,31
N,"Aucune occurrence pour la période."
